0,1,2,3,4,5,6,7,8,9,10,11,12,13,14,15,16,17,18,19,20,21,22,23,24,25,26,27,28,29,30,31,32,33,34,35
-0.003798927,-0.010131828,0.0,0.0,0.005243643,0.004722386,0.004035826,0.017254573,0.005687449,0.013648963,0.0,0.016228371,0.012728662,0.011737376,-0.013290323,-0.015820981,0.000500273,0.0,-0.028380057,-0.005234116,-0.00246741,0.02378394,0.022598204,0.014310465,0.005008903,0.026378015,0.016838852,0.010330863,-0.0217472,-0.009608685,-0.005979158,0.002028086,-0.008205415,-0.011834648,-0.005579355,0.020467942
0.0,0.002836193,0.0,-0.005838667,-0.019313905,-0.002435159,-0.015882222,0.025514387,-1.17e-05,-0.0023268,-0.011244189,0.01766298,0.000555776,0.003444305,0.004043236,0.012202052,0.011561046,0.031866523,-0.020334679,0.012310678,0.011455399,-0.035017487,-0.019302705,-0.016484528,-0.001312112,0.0,-0.021691071,-0.006233492,-0.013624434,-0.005729581,-0.011162341,-0.039176073,-0.008025503,-0.009470185,-0.015968381,-0.014532624
0.02347539,0.052829213,0.037389099,0.008434917,0.051674378,0.03654846,0.030311506,-0.043463291,-0.051537616,-0.032333707,0.019360241,-0.027268058,-0.037465203,-0.008671838,0.001215289,-0.007900176,0.00022661,-0.035657548,-0.007089752,-0.01117204,-0.002097647,-0.010074281,0.006963461,0.003308312,-0.012212678,-0.009858434,-0.000177944,-0.005558364,0.06171871,0.051456064,0.047628049,-0.00439149,0.054398075,0.050459269,0.024909954,0.024432446
-0.033681051,-0.020255911,-0.02477352,0.017723189,-0.014750158,-0.023108586,0.000408697,-0.02305281,-0.020478765,-0.009712656,-0.031665977,-0.00853829,-0.007201303,0.002242539,-0.000532907,-0.015636734,-0.017454317,-0.015133862,-0.016289303,-0.019739294,-0.019091385,0.01570993,0.02404002,0.021038593,-0.006174742,0.027573706,0.017862274,0.012718686,-0.007517662,0.026576513,0.015274749,0.026908324,0.009564898,0.018769962,0.015165589,-0.014571381
0.009039912,-8.22e-06,0.000856818,0.015099904,-0.003958745,0.000777359,0.003654103,0.013132363,0.008310417,0.010575054,0.00564342,-0.001932773,0.009502452,0.005049774,-0.011537451,0.003323122,0.002042826,0.020330369,0.001019292,0.002650618,0.007314074,0.0,-0.006053993,-0.005789635,-0.00813074,-0.00510688,-0.007760931,-0.001896565,0.006418033,0.007580031,0.004041528,-0.022071403,0.0,0.006180087,-0.003641465,0.036792574
0.005812939,-0.002266256,-0.003994475,-0.002142241,-0.004093774,-0.005558315,-0.003679224,0.010448907,0.016889059,0.018531052,0.00407567,-0.013095524,0.015016334,-0.003770928,0.00355724,0.002553002,0.006533202,0.018925254,0.022394312,0.007488026,0.009237022,0.002296069,0.001974271,0.00816743,0.015194209,0.002533203,0.004134724,0.007803515,0.005242394,0.007605159,0.005568563,0.0,0.004620241,0.001824665,0.004780622,0.005091265
0.005019358,0.009777103,0.006916092,9.62e-05,0.00192867,0.00648076,0.007978584,-0.010312341,-0.000774776,0.001840032,-0.006829608,-0.030305118,-0.000105516,-0.010681845,0.005722896,0.004029681,0.003764345,-0.003492249,0.013531422,0.001930278,0.002916671,0.014363915,0.020535632,0.016162763,0.002133785,0.019719781,0.014123227,0.01569294,0.000919076,-0.004556587,-0.006860195,-0.006275279,0.011624134,-0.006568908,0.000917437,-0.0164249
-0.006608358,-0.008091769,-0.012871004,0.0,0.000693465,-0.013654444,-0.013384167,-0.032888466,-0.008459008,-0.015260272,0.0,-0.02337866,-0.017706496,-0.013554059,-0.015426629,-0.033241327,-0.026580918,-0.031445668,-0.008599649,-0.033875001,-0.014724997,0.043034725,0.051629978,0.050322689,0.015899612,0.04024732,0.067042467,0.025317649,-0.003403127,0.003284778,-0.009923973,-0.011422256,-0.015830571,-0.007264982,-0.006566375,0.03099938
-0.00223207,-0.00398085,-0.001162183,0.009018586,-0.001338208,-0.001245038,0.008961924,-0.003333824,-0.006736539,-0.005012834,0.003264897,0.004610893,-0.004051818,-0.000743823,-0.026097229,-0.021481345,-0.016913099,-0.015373314,-0.017364366,-0.017376967,-0.003233047,-0.004515691,-0.015722781,-0.01177715,-0.025040742,0.011724119,-0.016212542,-0.0087413,0.014765453,0.007461259,0.007110786,-0.005913542,0.019378789,0.008032903,0.001991938,0.044574339
-0.001498313,0.003682503,0.004546089,-0.004147121,0.009557472,-0.000809664,0.00213008,0.025962189,-6.1e-05,0.010573187,0.013050445,0.0048923,0.00163058,0.000841483,0.0,0.013560317,0.0,-0.003879345,0.019970076,0.00693029,-0.005331499,-0.019153403,0.003038143,0.001019495,0.013649584,-0.000945645,0.003596128,0.016360679,0.015301234,-0.013668905,-0.006520009,0.001336146,0.023829502,-0.009320093,0.008582894,0.01745131
0.004212062,0.009634681,0.008665055,-0.00599245,0.0,0.007096901,0.005018525,0.002241765,0.003952976,-0.000687095,0.007352326,-0.009622771,0.00191942,-0.001148903,-0.018013749,-0.007403399,-0.014130991,-0.011355753,-0.020082457,-0.010477804,-0.009911919,0.007633327,-0.00357116,-0.003150467,-0.011886581,-0.001845836,-0.002649511,-0.005788719,0.016555814,0.014976002,0.016056924,0.003566623,0.018926038,0.015088586,0.006223865,0.014238624
-0.000190815,0.0,-0.011979016,0.016404095,0.009435184,-0.006157861,0.002789387,0.01125131,0.010867538,0.019138055,0.0,0.0,0.00963293,0.00816767,-0.00131389,-0.002060854,0.0,0.0,0.005075574,0.006576534,0.004238755,0.004994592,-0.005106668,0.004976042,-0.001668041,0.010932935,-0.000548291,-0.001180117,-0.002125149,0.0059722,-0.0040453,0.014250478,-0.007228097,-0.000620243,-0.002646026,-0.018754847
-0.004679315,0.002193419,0.003894376,0.0,0.031190229,0.012698039,0.028524462,0.007786738,0.008455341,0.012865611,0.004162452,0.01891958,0.011340652,0.008772644,-0.030469134,-0.017833062,-0.028734593,0.017292932,-0.035898576,-0.017072795,-0.020015412,0.003391364,-0.011726277,-0.000465999,-0.040061309,0.028283152,-0.005560959,-0.019423778,-0.021533208,-0.019872754,-0.012709717,-0.004473502,-0.00976388,-0.010988634,-0.007802212,-0.042361155
0.000545376,0.000409408,0.001357159,0.004634515,0.006937723,0.000585708,0.00532962,0.003993283,-0.002483888,-0.000596923,-0.00465043,-0.00393824,-0.000359589,-0.006374655,0.002877549,0.003027297,0.001356129,0.010862314,-0.002672088,0.003554423,0.001229253,0.001745232,0.000478552,0.000704461,0.007456628,0.002416559,-0.000497677,0.005447372,-0.009425438,-0.016272734,-0.007139781,0.0,-0.005081536,-0.009893407,-0.003729203,0.021362493
0.002351473,0.001392468,-0.002803881,-0.002489383,0.001153964,-0.002883468,0.000476055,0.002880096,0.003127022,0.002353787,0.0106948,-0.0226618,0.002761148,-0.003184935,0.006220742,0.009298107,0.008897506,0.004591322,0.001423858,0.008216678,-0.00334572,0.004176098,0.005424862,0.006637976,0.004139817,0.006237962,0.003980283,-0.004498994,-0.002789697,-0.000319582,-0.006423159,-0.001707929,-0.023895466,-0.003024061,-0.014248555,-0.024920602
-0.012253261,-0.003943263,0.006736868,0.001539648,-0.016403557,-0.000778076,0.003919997,-0.011786491,-0.017235792,-0.009756362,0.007714027,0.000414922,-0.013986319,0.000255686,-0.003323385,-0.001266274,0.001789718,-0.014596557,-0.03002245,0.000550359,-0.014859632,-0.019734359,-0.024931016,-0.023460916,-0.013546473,-0.048646098,-0.021614441,-0.02595065,-0.006195842,-0.014904187,-0.007091458,-0.004008998,0.022743939,-0.005098468,-0.006025,-0.001328301
0.003915147,0.002892753,0.002146838,0.028151792,-0.005343309,-0.001128411,0.004165555,-0.00212323,-0.000547957,-0.004332482,0.011047222,0.000688402,-0.002137489,0.003128196,-0.008084915,0.00551178,0.004298441,-0.003956271,-0.01355192,0.005811444,-0.001644294,0.004366586,-0.010064012,-0.009972628,0.013934149,-0.000572158,-0.010570965,-0.002221212,-0.004251214,0.000531122,-0.000292295,0.003142399,-0.006203068,-0.003419001,-0.007652558,-0.017336606
-0.003710877,-0.011744559,-0.006244061,-0.001223049,-0.004644459,-0.010199694,-0.001846139,0.005468066,0.014585672,0.014540092,-0.007247642,-0.003427558,0.013367948,0.003611527,-0.005985299,-0.010342041,-0.006322505,-0.002242264,-0.00946078,-0.007752502,-0.009966402,-0.028583327,-0.021251057,-0.024705633,-0.027405809,-0.0215476,-0.024910185,-0.01411308,-0.00539328,-0.003075864,0.003976678,-0.00867426,0.002671607,0.000432349,-0.005318878,0.006947231
0.039320053,-0.010393087,-0.00894738,-0.01469498,0.0,-0.009447032,-0.011881112,-0.010715038,-0.012797967,0.008505804,0.026160742,0.0,-0.000994183,0.006099364,-0.015905668,0.024757229,0.0171552,-0.000441044,-0.001361043,0.020902648,-0.002331164,-0.023846498,-0.025399626,-0.022077662,0.014706431,7.86e-05,-0.018261438,-0.006150131,-0.047741863,-0.035395107,-0.054815959,-0.038832861,-0.052364888,-0.048816774,-0.035364882,0.004122949
0.000452076,-0.007013474,-0.005650891,6.7e-05,-0.004582092,-0.006702784,-0.00754002,0.007749057,0.011357184,0.004726117,-0.002819266,0.013212057,0.008422483,0.006678935,0.005804795,0.008885227,0.0042965,0.011616042,-0.003136078,0.005994462,0.011753411,-0.000325895,-0.001988936,-0.000354384,-0.009536449,-0.000372974,-0.002990566,-0.000118508,-0.005099485,-0.004982194,0.001328292,0.007482156,-0.012532107,-0.001628348,-0.001747153,-0.000333173
0.042572033,0.005011186,-0.007728867,-0.020561328,0.033532127,-0.003338563,-0.005092242,-0.015278458,-0.009841399,-0.001898399,0.018817884,-0.016981713,-0.00655222,-0.003227249,0.005363236,-0.009640052,7.4e-05,-0.038808465,0.006261036,-0.003620056,-0.008077319,0.005537856,0.034786791,0.037891115,-0.008181598,0.009838156,0.032799581,0.010319685,0.010866312,-0.000797661,-0.003474788,0.048148148,0.00492178,-0.002641806,0.006344498,0.03587086
-0.01625795,-0.017727677,-0.014003168,-0.015339077,-0.015763662,-0.015112856,-0.012591087,0.004511129,-0.002991089,-0.00280686,-0.017574433,-0.004663629,-0.005225307,-0.015519306,0.008026026,0.016382873,0.009694645,-0.00074188,0.003178826,0.012064507,0.008943,-0.001019431,-0.00541835,-0.010480582,0.017223137,0.000980505,-0.00889712,0.002515698,0.002261236,-0.009945965,-0.010203185,-0.012791962,0.0,-0.012900104,-0.003179646,0.015475997
1.69e-05,-0.003834605,-0.007801563,-0.00253268,0.016534014,-0.006240309,0.002830117,-0.002694156,-0.006949003,-0.010798727,0.001028543,-0.002420229,-0.00775805,-0.010151847,0.001630874,0.00559637,0.008571028,-0.025059356,0.013959278,0.004239755,0.014253551,0.007729385,0.007459023,0.010967627,0.000574402,0.004795571,0.007955497,0.000465516,0.003671294,-0.005501777,-0.001460057,0.021470945,0.0,-0.005426311,0.005992172,0.042670292
-0.00121821,0.008216076,0.004045696,0.010505244,-0.01048581,0.006972103,-0.001439076,7.51e-05,0.004684035,-0.02427692,0.028852659,0.0,-0.013762476,-0.001827509,-0.014387044,-0.017306496,-0.017670344,-0.008446685,-0.024422303,-0.020006461,-0.015299989,0.014812719,0.017562985,0.013489669,0.0,0.024364857,0.010218959,0.005590222,-0.007496632,0.008152731,0.00736178,0.004937884,-0.00384198,0.005656774,0.000366897,-0.023631065
0.002562476,-0.00218104,0.000472222,-0.006101921,-0.001765399,-0.000129804,0.000864074,0.0,-0.012049252,-0.009820745,-0.013869065,-0.006164046,-0.01052673,-0.013954751,-0.019879851,-0.011595793,-0.001885015,-0.0034229,-0.023282659,-0.005062892,-0.002388698,-0.001669895,-0.005569842,-0.011240391,-0.02381417,-0.005657236,-0.011370978,-0.007945176,0.003540952,0.012479081,0.00445843,-0.013862056,0.000873993,0.005713551,0.003546083,-0.008927347
0.007752278,0.016738829,0.01145557,-0.007832791,0.000950201,0.01084736,-0.002746053,0.010368274,0.00367266,-0.003322661,0.019354473,0.010751868,-0.00103475,0.009233671,-0.001351306,0.005214478,0.00476039,-0.006617068,-0.002908421,0.005179929,0.003606254,0.006319121,-0.000672343,0.001475515,-0.023469587,0.008564121,-0.000698728,-0.008405198,0.003130399,0.001553886,0.004611876,0.00152402,0.00670439,0.004297024,0.008323168,0.025284654
-0.023659567,-0.027634706,-0.026486483,0.004188857,-0.034882362,-0.029021541,-0.011889142,0.006441938,-0.012278972,-0.003020529,-0.026008978,0.002177718,-0.011822851,-0.009722941,0.012860144,0.00990584,0.005569255,0.012065368,0.019639058,0.012360258,0.002971064,-0.016787736,-0.001499926,-0.011547783,0.0,-0.00661218,-0.006068731,0.004164699,0.0130352,0.005075353,-0.025939946,-0.033259031,-0.00610478,0.000863421,-0.007586866,-0.021593711
0.0,0.0,0.0,0.013206723,0.0,0.003681056,0.004142079,-0.001401965,0.001436601,0.0,0.000360093,0.00578571,0.004186106,-0.000190542,0.000195328,-0.009043439,-0.007327798,-0.008649774,0.004266393,-0.00746846,0.000340849,-0.010100375,0.015138061,0.002775005,0.010221194,0.0210203,0.000783591,0.00685449,0.015916069,0.0,0.016017643,0.0,0.0,0.016777763,0.00839901,0.024018915
-0.001379798,-0.022295241,-0.020981723,0.008572097,-0.004671876,-0.020118927,0.000543172,-0.006088749,-0.001416357,-0.004097738,-0.018836196,-0.002993816,-0.005513605,-0.004997913,0.021386708,0.026285309,0.020446876,0.005120189,0.023948434,0.022416874,0.015463595,0.012737032,0.013162577,0.02192882,0.017907295,0.0026067,0.019000469,0.011647698,0.00259991,-0.001422476,-0.00387392,0.000963295,0.003431619,-0.001358638,0.002133719,0.010356506
0.007145391,0.004959705,0.005142217,0.0,0.004984515,0.006135255,0.002049152,-0.005508385,0.003604767,0.000757609,0.003787087,-0.006854691,-0.000184603,-0.000280023,-0.001705629,0.015437439,0.008715149,0.001277036,-0.006858168,0.009993925,-3.32e-05,0.000737463,-0.002105608,-0.004304243,0.015351349,0.003515045,-0.003365283,0.004233582,0.005667142,0.005995017,0.001349256,-0.000900703,0.018121718,0.001639787,0.006657004,0.002899896
-0.012992123,-0.004051598,0.001322477,-0.002675136,-0.005725048,-0.001938918,0.00511012,0.00035387,-0.023640576,-0.025754897,-0.031067697,-0.012275656,-0.026448367,-0.027590293,-0.005677006,0.015397493,0.019522005,0.006613466,0.01685499,0.019345618,0.02156199,0.032347213,0.03063387,0.030706095,0.012217841,0.031110931,0.029856859,0.017184219,-0.012451871,0.001521461,-0.001309758,0.012705619,-0.002337975,-0.000867179,0.007175984,-0.025179175
0.0139103,0.014056986,0.013049525,0.021764786,0.015103242,0.014754495,0.010645201,-0.000175654,-0.00024674,0.001231428,0.020708088,-0.003958614,0.001064674,0.009756269,0.001711315,0.00169702,-0.000785083,-0.001727368,0.014491643,-0.000303826,0.001288432,0.004514325,0.008598831,0.006813215,-0.000353026,0.005775517,0.007955017,0.002852183,0.00403337,-0.001363635,-0.004139321,0.009518242,-0.001344163,-0.003856762,-0.002285129,0.003557005
-0.003064311,0.005402676,0.007756573,0.016706504,-0.002901027,0.005445147,0.005761581,0.002633813,-0.004776585,0.001721987,-0.007039407,0.00772294,-0.00036404,0.000412402,-0.006979274,-0.00031212,-0.006497119,0.016608748,-0.003415873,-0.002200783,-0.004004496,-0.009556581,-0.017129237,-0.011762884,0.0,-0.007466312,-0.014179304,-0.010152977,-0.006109338,-0.00425509,0.000570782,-0.026742327,0.005149428,-0.002034007,-0.00059241,0.000624585
0.001756552,-0.017673622,-0.006141454,0.0,0.00357202,-0.012220196,-0.004827138,-0.034032484,-0.047383437,-0.050945198,0.002912354,-0.040301613,-0.045220199,-0.008676646,0.001328305,-0.019550621,-0.014334659,-0.050447588,0.030313602,-0.012070424,-0.023428729,0.007533126,0.00679078,0.006289177,0.025453186,0.004866686,0.008560858,0.010916893,-0.054261984,-0.011549904,-0.009351296,0.003238918,-0.013151015,-0.012045182,-0.004029004,-0.029661366
-0.012902686,0.003828446,0.014506585,-0.0023284,0.000217155,0.009445343,0.008880124,0.022263616,0.025019995,0.018844827,-0.006264984,0.019520681,0.021510898,0.00618863,0.008186429,0.003930625,-0.000225853,0.022527417,0.008707493,0.00094104,0.007336415,0.011137931,0.004509516,0.00722079,0.007679093,0.001807692,0.00650243,0.002304461,-0.001049869,0.002112645,0.002724696,-0.000716823,0.003470635,0.005502492,0.002006969,0.002580017
-0.019967428,0.006232608,0.006788715,0.033362642,-0.009363155,0.003375003,-0.006654352,0.06836638,0.026109079,0.028196899,0.0,0.057290099,0.028379434,0.044121571,-0.020626376,0.002628016,-0.010503256,0.032662479,-0.022952804,-0.003923899,0.002296045,0.00958032,0.008543981,-0.002867459,-0.000979474,0.007757469,0.007125859,0.008309652,0.023052626,0.008506817,0.006363832,0.018268453,0.018723588,0.004564397,0.016417645,0.006408036
-0.005135629,-0.001570804,-0.00152887,-0.000677767,-0.012780802,-0.003066529,-0.005433699,0.006166034,0.001143812,-0.000187022,0.000146452,-0.008344725,0.000570854,-0.005280788,0.000836423,-0.005989944,-0.001582588,-0.000723741,0.009978869,-0.003572554,0.003626423,0.002545174,0.00516391,0.003366377,-0.00852042,-0.010603079,0.003737539,-0.003564993,0.006011978,0.008426201,0.010166087,0.014972879,0.014039307,0.01055667,0.009468899,0.012176661
0.004228991,0.010003233,0.006178316,0.026802541,0.0,0.010460354,0.010310325,0.006563167,0.005661717,0.00914954,0.002796172,0.008155698,0.007058343,-0.002326162,0.002184195,0.00730372,0.006196607,-0.020735598,-0.003529424,0.006743182,-0.008235251,-0.001046374,-0.005891087,-0.001139091,0.026983641,-0.006128479,-0.002708243,0.008018818,-0.012176614,-0.014942926,-0.006937181,-0.0046616,-0.016145356,-0.011454109,-0.001826145,-0.043526856
-0.022372209,-0.024247085,0.0,0.003570449,-0.012003278,-0.017967666,0.003596736,-0.003301906,-0.001399438,-0.000456564,-0.023989018,-0.007715796,-0.00598433,-0.008320949,0.008498592,-0.003468519,-0.004306092,-0.006423021,0.005778958,-0.001465902,0.008117162,0.01303221,0.015536746,0.01138013,-0.00269879,0.016821479,0.012772763,0.009702045,0.008806056,0.014579985,0.016658706,0.013051646,0.0,0.015583349,0.010025827,-0.006658603
-0.00071333,0.002190302,0.000341331,-0.002417685,-0.004995479,0.000484693,0.000165775,0.00353491,-0.002159959,-0.002121731,0.023093235,0.006111993,-0.003291133,0.003323194,-0.000364488,-0.0019534,-0.002793877,-0.00074214,-0.006540496,-0.003385827,-0.004882582,0.000826575,-0.006403214,-0.005720197,0.012185822,-0.008519406,-0.005119605,0.003106736,0.015095292,0.013566698,0.016920573,-0.002494255,0.01627783,0.014510754,0.006771126,0.000326055
0.00336867,-0.008161901,-0.008610225,-0.011097557,0.013915415,-0.009357213,-0.00362746,0.006661623,0.012538072,0.010153609,0.003230749,-0.005139604,0.013490297,0.003942423,0.001765063,0.000158395,0.001142996,0.0042358,-0.011307511,0.002303192,-0.005179159,0.000685109,-0.003182307,-0.002755801,-0.008090837,0.002517575,-0.003337412,-0.003799375,0.011088384,0.007605621,0.005987213,0.003905017,0.003426713,0.0061868,0.007507331,-0.003290601
-0.004167314,-0.007185559,-0.001072063,-0.005887121,0.002182983,-0.003207669,0.001432271,6.35e-05,0.002160769,-0.010594121,-0.016505065,0.008343979,-0.006165908,-0.003294977,0.02178352,0.0231777,0.026111046,0.003455171,0.014732094,0.025194828,0.015749215,-0.004807873,0.002504755,-0.000111177,0.012842571,-0.007618303,0.000501044,-0.002498259,0.006032852,0.003705923,-0.001910468,-0.021339106,0.00403614,0.000769452,0.00157399,-0.005918982
-0.001645724,-0.001448433,0.002103577,-0.006524902,0.000219047,0.000888,-0.000207937,0.000612494,-0.012397849,0.002132446,0.0,-0.010022903,0.000183047,-0.002474851,0.0,0.0,-0.002082414,0.007443633,0.0,-0.005860665,-0.002416689,0.00077105,0.000196517,0.0,-0.006136991,0.003504023,0.000208575,-0.000195527,0.001008621,0.003346326,0.0,0.005030739,0.013300146,0.001923258,0.007861466,0.008438498
0.005344686,-0.003081455,-0.003022276,0.006829299,-0.009240018,-0.003738593,-0.000926974,0.0,0.021226975,0.028913492,0.007660418,0.019523926,0.026362864,0.015586943,0.030850062,0.008694658,0.009980243,-0.00627255,0.01945031,0.012938215,0.000986979,0.009368673,0.00711645,0.01792485,0.027223014,0.003029349,0.012232775,0.007505103,0.0071781,0.004888902,0.005352412,0.005185917,-0.008162278,0.005906262,0.008605912,0.002454421
-0.004573436,0.018301985,0.004120628,0.002572215,-0.01362225,0.00679058,-0.013102375,0.011825409,0.01699602,0.018324749,0.00512565,0.013732392,0.020259518,0.010000404,0.000739529,-0.005334443,-0.005021656,0.018675099,0.005272613,-0.002400819,0.010755726,0.015225583,0.017606197,0.01595143,-0.000421067,0.022246412,0.013411189,0.016159052,0.003007551,-0.001813006,-0.002373343,0.002174891,0.000714056,-0.002555235,-0.003348635,-0.016477754
0.001282138,0.005256789,0.003050003,-0.006752557,-0.003248464,0.002465087,0.002606371,0.00131629,-0.001054618,-0.000590212,-0.000438122,-0.00159716,0.00221193,0.002134784,-0.003864245,0.012148879,0.009156549,0.024020296,0.006049513,0.009956113,0.017326939,-0.016201322,-0.003809904,-0.00988051,-0.012296417,-0.000277692,-0.007960963,-0.006912794,-0.002989922,-0.010345174,-0.013141046,-0.018885012,0.005370442,-0.013176245,-0.002068345,-0.008024183
-0.022389806,-0.009027974,-0.006034931,-0.025898322,-0.000754774,-0.008199445,-0.012384604,0.004587541,-0.011292033,-0.008084639,-0.007378995,-0.010566044,-0.007667436,-0.004143634,-0.004212071,0.006647636,0.003150745,-0.017987842,0.0,0.003881709,-0.017437655,0.004868323,-0.004549107,-0.011320444,-0.007114645,-0.006952874,-0.010127461,-0.007275356,-0.011888153,-0.018397215,-0.013856946,0.01569829,0.007929139,-0.012274409,0.010577309,-0.000908373
0.015261854,0.018575204,0.019927849,-0.001140142,0.011465154,0.018808495,0.003910511,-0.000155215,0.003004625,-0.003325577,0.026693466,-0.003255616,-7.34e-05,0.003616272,0.001195446,-0.009774236,-0.008065176,-0.011263534,0.00015752,-0.009217097,-0.004870161,-0.029242932,-0.017899298,-0.010105966,-0.029034363,-0.018279429,-0.015674885,-0.006472779,0.005964074,-0.005172062,-0.002056815,-0.011534794,0.015250702,-0.00339961,0.000105052,0.00488972
0.002855218,-0.007365815,-0.010584821,-0.019410937,0.013777682,-0.007953517,-0.002310732,-0.002035951,0.01416793,0.004981133,-0.004481409,-0.009283362,0.00912492,0.00053971,-0.031508271,-0.033893039,-0.031547094,-0.012797735,-0.03561306,-0.034902985,-0.021032886,-0.010164425,0.002263889,0.000549277,-0.01984204,-0.01695535,0.002201934,-0.006962182,-0.003245746,-0.018285286,-0.022854729,-0.02057115,0.004911119,-0.022401698,-0.006819675,0.026056594
0.002423567,0.004307228,0.0045025,0.015954902,-0.008331836,0.005499697,0.002312679,-0.010882186,-0.019033264,-0.007814822,0.006799546,-0.011860723,-0.011114664,-0.002056452,0.012422194,0.007220334,0.007123448,-0.011633501,0.006113663,0.005403105,0.001725396,0.0,0.009740279,0.003397687,-0.008342332,0.00729312,0.005296237,0.002118634,-0.010654438,-0.0211286,-0.016883672,-0.002546691,-0.024749831,-0.017593107,-0.009050756,-0.01301137
-0.012219412,0.011013777,0.009281581,0.021559201,-0.006707098,0.003240997,0.005779977,-0.018979079,-0.031729866,-0.031938096,-0.014992412,-0.021467283,-0.035458268,-0.011049522,0.001108852,0.001684314,-7.6e-05,-0.02191092,-0.008647641,-0.00055238,-0.013753547,-0.014297727,0.014564782,0.008477032,0.000671928,-0.032741573,0.013739955,-0.002419064,-0.044899189,-0.047922435,-0.045131161,-0.02094789,-0.044516016,-0.046420552,-0.036374727,-0.008072813
0.021217576,-0.007357423,-0.006422449,0.021228049,0.036431633,-0.006491876,0.013359036,-0.001478936,-0.005030798,-0.00273147,0.008266001,-0.000563101,-0.002434553,0.009896025,0.009024344,0.022485929,0.012419609,-0.00955408,0.012584123,0.01610096,0.003009271,-0.008567381,-0.015773409,-0.01048797,0.017726206,-0.012992085,-0.009756314,-0.006932094,0.004352434,0.019930494,0.021304896,-0.001860454,0.001533847,0.018996966,0.01104966,-0.002963695
-0.003278272,0.001805466,0.001286128,-0.000649026,0.005871807,-0.000537831,-0.001537399,0.007386521,0.01323924,0.011431697,0.013831836,0.010798081,0.011916154,0.01345158,0.007896758,0.0,0.00616038,0.003700767,0.002162527,0.0,0.001229191,0.0,0.0,0.0,0.004703574,0.0,0.0,0.004452219,0.001682879,0.002666611,0.0,-0.005037669,-0.002724989,0.005250169,0.002949178,0.011301841
0.026540681,0.029305918,0.014787613,0.015845566,0.039282461,0.019126668,0.032338114,0.001484047,0.004766184,0.003651379,-0.013410689,-0.015461796,0.005627159,0.007895394,-0.05036862,-0.035170147,-0.022182186,-0.002901673,-0.021439596,-0.024387753,-0.002139095,0.007923456,0.005434056,0.005019306,-0.030744916,-0.008799248,0.001097418,-0.007925997,0.001737641,-0.027420558,-0.007609828,0.0,-0.008482232,-0.014092175,-0.014772748,0.009709195
0.003497083,-0.001371646,-9.08e-05,-0.008020417,-0.008858814,0.002247523,-0.005148888,-0.003486435,0.010612059,0.00723854,0.020697148,0.004766918,0.009563579,0.019623396,0.006093308,0.011041178,0.005641288,-0.001017383,0.002748462,0.007607936,0.002888594,0.001396013,-0.007472152,-0.004469959,0.015359336,0.0,-0.003360153,-0.002180222,-0.024055536,-0.036010872,-0.026461398,-0.009531439,-0.028867828,-0.026607747,-0.021109333,-0.004115531
0.0,0.009195994,0.011742273,0.001533643,0.004394866,0.010994785,0.002405877,-0.010167185,-0.008532191,-0.013246988,0.003617375,-0.012229011,-0.01064461,0.001085768,-0.001295772,-0.008292367,-0.018371758,-0.011411733,-0.007105029,-0.010087879,-0.010442022,0.002410664,0.005416474,0.004828217,-0.015719842,-0.006186256,0.00839604,-0.006853521,0.005819323,0.000757244,0.008040448,0.0068469,0.004243655,0.004157979,-0.001144755,0.004638645
-0.000545889,0.010382074,0.009295139,0.032938842,0.000796509,0.010500577,0.016065598,0.002366611,0.006742021,0.004198518,-0.007940868,-0.006146066,0.004957708,-0.0014647,0.000116725,-0.006339909,-0.005342917,0.013469431,0.005990277,-0.004106477,-0.001999212,0.002777914,-0.009395737,-0.004344269,-0.015700096,-0.001073872,-0.004156013,-0.006473657,-0.001990379,0.008558729,0.008079158,0.00572828,-5.2e-05,0.009242537,0.005024977,-0.025187312
-0.005640579,0.003165165,0.009295817,0.013135453,-0.011218338,0.007141904,0.001624173,0.013349737,0.016434111,0.008724225,0.002307673,0.01026016,0.01108049,-0.002621474,-0.003350552,-0.007509404,-0.001988619,0.010715437,0.008837102,-0.003177243,0.00419627,-0.012740935,-0.02472302,-0.010837387,0.005798293,-0.018989655,-0.013443727,-0.006116571,0.011459209,0.012087512,0.009693198,-0.014315821,0.014722248,0.010512515,-0.006397762,0.033335747
-0.014618777,-0.01263499,-0.015167554,-0.013422368,-0.012597583,-0.015370175,-0.00973058,0.003283982,-0.00607356,-0.009079105,-0.016788012,-0.005432496,-0.009328747,-0.009662437,-0.00771448,0.002214683,0.009040314,0.006882682,-0.014549103,0.008409564,-0.000755376,0.016450715,0.006505555,0.008843976,0.009451649,0.026544215,0.008337548,0.005080761,-0.014437883,-0.004370022,0.004526804,-0.018748669,-0.006731457,0.000375835,0.00200541,0.015375877
-0.013516784,-0.014870868,-0.014024999,-0.013245613,-0.002845466,-0.015621595,-0.005447913,-0.003220084,-0.006868283,-0.003099127,-0.005438097,0.007240748,-0.005852463,-0.003116793,0.013523927,0.024132783,0.019629363,-0.010169798,0.0,0.020448651,0.007984955,-0.00053348,-0.005560568,-0.00589917,0.0,0.007575003,-0.006402333,-0.004366385,0.004494025,0.005825982,0.007634196,0.004251934,0.008873566,0.00538219,0.004211632,-0.000838954
-0.001377275,-0.013152041,-0.00468989,-0.002884327,0.000998688,-0.009845709,-0.00670868,0.003718222,0.012249195,0.009640602,0.0,0.00421203,0.012638036,0.004772614,0.008967269,0.018159931,0.006083883,0.000201679,0.017035947,0.014396731,0.011872228,-0.001712249,0.000895086,-0.004439078,0.007293934,-0.012813303,-0.000367489,-0.002109322,0.007357426,8.34e-05,-0.003625482,-0.008603672,0.003091891,-0.000761239,0.00023762,-0.015367702
0.003620702,0.012607683,0.008426009,0.0,0.001485116,0.00790874,0.001526131,-0.000534409,0.005401593,0.002785548,0.007343449,-0.003028966,0.002757225,-0.004710116,0.023022629,0.024250767,0.014602347,0.007151049,0.021916235,0.018131092,0.016398626,0.003037511,-0.003420947,0.003677601,0.015362945,0.00382684,0.000477297,0.003712147,0.002977407,0.004234371,0.002073625,0.014387358,0.001687981,0.003589901,0.009279397,0.008396005
-0.046629446,-0.045613986,-0.013166304,-0.003764436,0.003999287,-0.012721713,-0.006850441,0.0,0.0,-0.024655731,-0.013596231,-0.0488296,-0.030934994,-0.038322771,-0.000950817,-0.002764335,-0.006790311,-0.014634038,-0.004351059,-0.003303102,-0.003342261,-0.012096922,0.002434631,0.002890896,0.003075786,0.001410509,0.00256948,0.006764498,-0.011478573,-0.048746751,-0.032706045,-0.018869228,-0.025879448,-0.037924005,-0.027294442,0.029566248
0.000514944,0.006811292,0.00659829,-0.00257333,-0.003081578,0.008135224,0.001068524,0.003694902,-0.003725918,-0.00241317,0.008955842,-0.016915168,0.001569353,-0.007649549,0.003835407,-0.001680054,0.002327086,0.005219765,-0.00435122,0.002307034,0.000968207,0.005983684,0.006014192,0.000860511,-0.007213478,0.006797803,0.000681404,-0.000892236,4.84e-05,0.003308742,0.008189324,0.007991912,0.011406415,0.005687324,0.005150131,0.004689318
-0.003088461,-0.002869525,-0.003723729,-0.020079148,0.002913646,-0.002052123,0.00351221,0.00440668,-0.002842363,0.007952293,0.003715865,0.01144228,-5.64e-05,0.005174924,-0.008067421,-0.012495353,-0.006619511,-0.002466825,0.002218841,-0.008419221,0.004925464,0.020646748,0.013217963,0.014260682,0.014571825,0.012677698,0.015770769,0.003481782,-0.000672205,0.008793511,0.008058574,0.017977402,-0.010463769,0.007364936,0.004954263,0.000886129
-0.008567996,-0.017180275,-0.008765038,0.007591021,-0.007212881,-0.008324871,-0.001426894,-0.024559914,-0.02045602,-0.014745432,-0.031510413,-0.025391151,-0.01925327,-0.02977241,0.010094531,0.009400826,0.008745287,0.001590965,0.009570486,0.009641885,0.002853029,0.006837444,-0.003579228,0.000831956,-0.007902834,0.007274059,-4.21e-05,-0.003350004,0.010889255,0.015001647,0.014164513,0.01742954,0.011948419,0.014198886,0.013296568,0.01466062
0.00270795,-0.002989809,-0.005679782,0.011061401,-0.000526698,-0.004043262,0.004295981,0.007442123,0.013346692,0.008905403,0.003348606,0.017753912,0.010892793,0.00769598,0.005624801,-0.000815511,0.001415209,0.018532577,0.004865809,9.16e-05,0.006176262,0.004376823,0.012414134,0.009313514,0.005989183,0.008934388,0.010575071,0.004343661,-0.002791504,-0.011988795,-0.010825728,0.0,0.0,-0.010315897,4.48e-05,0.026777977
0.012470933,-0.001585629,-0.005177582,-0.011341193,-0.003197674,-0.00569206,0.00271128,0.015419321,0.013029635,0.021094357,0.001405858,0.016473899,0.019679181,0.00243869,0.004957068,0.014511955,0.009771985,0.017247937,-0.005381101,0.015000818,-0.005525922,-0.043732255,-0.04159436,-0.025212563,0.001925716,-0.02982119,-0.033145055,-0.008357848,0.021029382,0.003411245,-0.000852301,-0.024203839,0.010188062,0.000107111,-0.007276574,0.017986713
0.024627968,0.031411443,0.017985189,-0.025844501,-0.000691001,0.020103773,-0.013401351,0.00530194,0.012489601,0.008436269,0.023098273,-0.006404264,0.00981059,0.016832183,0.029199472,0.030228467,0.025350254,0.000802976,0.048407174,0.027037465,0.027435226,0.008604637,0.00581654,0.003513893,0.008049079,0.01203328,0.004621884,0.006022186,-0.000382751,0.004269506,0.006171025,0.005460144,0.002961825,0.006393209,0.010282347,0.024767693
0.000342636,0.000877292,0.002857252,0.003830851,0.001006117,0.002869599,0.005985534,-0.008437646,-0.001961561,-0.002706667,0.037655681,-0.004381808,-7.26e-05,0.003023668,0.00549437,0.008163663,0.001767682,0.004491949,-0.010462209,0.007764681,-7.46e-05,-0.002471451,-0.005671256,-0.002200676,0.014364649,0.01334176,-0.003357898,0.000403137,-0.010304438,-0.016764488,-0.016632558,-0.002671846,-0.011494464,-0.015214504,-0.006006925,-0.011447394
0.014165355,0.008113141,0.011288078,0.000684211,0.01773123,0.008520053,0.001816917,0.012889515,0.009711326,0.006818187,0.016142372,0.008838432,0.009226841,0.001154004,-0.005489426,-0.006601821,-0.005732524,0.003199938,-0.000804338,-0.005941013,0.011540842,-0.031635816,-0.024784117,-0.021901495,-0.004657935,-0.048466862,-0.027518736,-0.019774104,0.002892972,-0.018035461,-0.01537255,-0.029286272,-0.018485573,-0.021005008,-0.02729,-0.031003435
